num,width,height,width_mm,height_mm
0,52.0,0.0,5.2,0.0
1,1.0,43.0,0.1,4.3
2,707.0706787109375,3.01110577583313,70.70706787109376,0.301110577583313
3,15.681970596313477,28.53998374938965,1.5681970596313477,2.853998374938965
4,10.0,21.0,1.0,2.1
5,22.0,12.0,2.2,1.2
6,11.0,8.0,1.1,0.8
7,11.0,28.0,1.1,2.8
8,27.14464569091797,14.373312950134277,2.714464569091797,1.4373312950134278
9,11.700427055358887,13.281564712524414,1.1700427055358886,1.3281564712524414
10,12.369317054748535,1.697749376296997,1.2369317054748534,0.1697749376296997
11,12.041595458984375,1.743955135345459,1.2041595458984375,0.1743955135345459
12,5.407286643981934,24.041627883911133,0.5407286643981933,2.404162788391113
13,4.160250663757324,21.63330841064453,0.41602506637573244,2.163330841064453
14,4.427187919616699,8.854375839233398,0.4427187919616699,0.8854375839233398
15,6.0,10.0,0.6,1.0
16,12.854387283325195,9.216353416442871,1.2854387283325195,0.9216353416442871
17,34.42511749267578,14.11195182800293,3.4425117492675783,1.4111951828002929
18,8.797531127929688,26.786516189575195,0.8797531127929688,2.6786516189575194
19,34.04588317871094,4.997560024261475,3.404588317871094,0.4997560024261475
20,6.041988372802734,11.871976852416992,0.6041988372802735,1.1871976852416992
21,47.72955322265625,13.39909839630127,4.772955322265625,1.339909839630127
22,4.242640972137451,14.142135620117188,0.42426409721374514,1.4142135620117187
23,21.294628143310547,11.253653526306152,2.1294628143310548,1.1253653526306153
24,10.60660171508789,4.242640495300293,1.060660171508789,0.4242640495300293
25,19.0,10.0,1.9,1.0
26,6.260990142822266,11.180339813232422,0.6260990142822266,1.1180339813232423
27,5.0,10.0,0.5,1.0
28,9.899495124816895,27.860008239746094,0.9899495124816895,2.7860008239746095
29,13.435027122497559,6.363961219787598,1.3435027122497558,0.6363961219787597
30,14.97690486907959,4.437601089477539,1.497690486907959,0.4437601089477539
31,6.982211112976074,22.94154930114746,0.6982211112976074,2.294154930114746
32,11.0,22.0,1.1,2.2
33,19.0,18.0,1.9,1.8
34,10.0,11.0,1.0,1.1
35,25.951412200927734,10.932723045349121,2.5951412200927733,1.0932723045349122
36,6.0,10.0,0.6,1.0
37,12.074766159057617,29.06888198852539,1.2074766159057617,2.9068881988525392
38,6.550914764404297,31.370098114013672,0.6550914764404296,3.1370098114013674
39,4.0,10.0,0.4,1.0
40,7.905693531036377,9.486830711364746,0.7905693531036377,0.9486830711364747
41,3.0,10.0,0.3,1.0
42,8.485280990600586,11.31370735168457,0.8485280990600585,1.131370735168457
43,8.049844741821289,12.074767112731934,0.8049844741821289,1.2074767112731934
44,3.0,10.0,0.3,1.0
45,3.2941176891326904,17.52941131591797,0.32941176891326907,1.7529411315917969
46,16.127614974975586,10.119288444519043,1.6127614974975586,1.0119288444519043
47,48.08325958251953,14.849242210388184,4.808325958251953,1.4849242210388183
48,12.377320289611816,39.369667053222656,1.2377320289611817,3.9369667053222654
49,8.0,5.0,0.8,0.5
50,14.0,11.0,1.4,1.1
51,12.727920532226562,12.727920532226562,1.2727920532226562,1.2727920532226562
52,31.256752014160156,78.76205444335938,3.1256752014160156,7.8762054443359375
53,22.511018753051758,10.240862846374512,2.2511018753051757,1.0240862846374512
54,5.734673976898193,13.601470947265625,0.5734673976898194,1.3601470947265626
55,23.968000411987305,8.454970359802246,2.3968000411987305,0.8454970359802246
56,8.629110336303711,35.69314193725586,0.8629110336303711,3.569314193725586
57,8.589556694030762,4.685213088989258,0.8589556694030762,0.4685213088989258
58,16.744688034057617,12.03136920928955,1.6744688034057618,1.203136920928955
59,13.447344779968262,29.595903396606445,1.3447344779968262,2.9595903396606444
60,13.0,9.0,1.3,0.9
61,3.139531135559082,27.016489028930664,0.3139531135559082,2.7016489028930666
62,29.58248519897461,2.7271945476531982,2.958248519897461,0.27271945476531984
63,40.4575309753418,11.822710037231445,4.045753097534179,1.1822710037231445
64,5.0596442222595215,11.384199142456055,0.5059644222259522,1.1384199142456055
65,28.174457550048828,12.521980285644531,2.817445755004883,1.2521980285644532
66,8.66104507446289,20.95036506652832,0.8661045074462891,2.095036506652832
67,33.84387969970703,72.21067810058594,3.384387969970703,7.221067810058594
68,9.216353416442871,6.305926322937012,0.9216353416442871,0.6305926322937012
69,31.310970306396484,13.682103157043457,3.1310970306396486,1.3682103157043457
70,10.0,0.0,1.0,0.0
71,10.0,8.0,1.0,0.8
72,9.550230026245117,18.43609619140625,0.9550230026245117,1.843609619140625
73,36.332862854003906,52.69651794433594,3.6332862854003904,5.269651794433594
74,4.989400863647461,12.039640426635742,0.49894008636474607,1.2039640426635743
75,21.700664520263672,30.249414443969727,2.1700664520263673,3.0249414443969727
76,20.61235809326172,50.43539810180664,2.061235809326172,5.043539810180664
77,46.09153747558594,18.46584701538086,4.609153747558594,1.8465847015380858
78,5.692099571228027,8.221921920776367,0.5692099571228028,0.8221921920776367
79,9.0,6.0,0.9,0.6
80,9.219545364379883,3.9047484397888184,0.9219545364379883,0.3904748439788818
81,11.817581176757812,5.777483940124512,1.1817581176757812,0.5777483940124511
82,11.792459487915039,20.761371612548828,1.179245948791504,2.076137161254883
83,62.22539520263672,14.849241256713867,6.2225395202636715,1.4849241256713868
84,10.60660171508789,7.071067810058594,1.060660171508789,0.7071067810058593
85,7.496340751647949,10.619816780090332,0.749634075164795,1.0619816780090332
86,5.61797571182251,12.406362533569336,0.5617975711822509,1.2406362533569335
87,8.221921920776367,10.435514450073242,0.8221921920776367,1.0435514450073242
88,8.854375839233398,16.443843841552734,0.8854375839233398,1.6443843841552734
89,18.782970428466797,11.180339813232422,1.8782970428466796,1.1180339813232423
90,16.00735092163086,4.365641117095947,1.6007350921630858,0.43656411170959475
91,12.445079803466797,5.374011516571045,1.2445079803466796,0.5374011516571044
92,8.485282897949219,19.798994064331055,0.8485282897949219,1.9798994064331055
93,21.21320343017578,22.62741470336914,2.121320343017578,2.262741470336914
94,10.0,16.0,1.0,1.6
95,35.36848831176758,13.847979545593262,3.5368488311767576,1.384797954559326
96,10.28591251373291,12.969194412231445,1.028591251373291,1.2969194412231446
97,29.538589477539062,23.5251407623291,2.9538589477539063,2.35251407623291
98,3.911210060119629,35.689796447753906,0.39112100601196287,3.5689796447753905
99,38.18376159667969,24.041629791259766,3.818376159667969,2.4041629791259767
100,16.26345443725586,9.899495124816895,1.626345443725586,0.9899495124816895
101,17.099292755126953,11.542022705078125,1.7099292755126954,1.1542022705078125
102,10.254996299743652,21.423805236816406,1.0254996299743653,2.1423805236816404
103,11.0,11.0,1.1,1.1
104,15.22030258178711,23.70374870300293,1.5220302581787108,2.370374870300293
105,34.178646087646484,10.193631172180176,3.4178646087646483,1.0193631172180175
106,14.55213737487793,14.067066192626953,1.455213737487793,1.4067066192626954
107,1.5556349754333496,9.050968170166016,0.15556349754333496,0.9050968170166016
108,33.941131591796875,10.606602668762207,3.3941131591796876,1.0606602668762206
109,4.23014497756958,9.219544410705566,0.423014497756958,0.9219544410705567
110,6.1017022132873535,9.15255355834961,0.6101702213287353,0.915255355834961
111,12.0,18.0,1.2,1.8
112,10.0,6.0,1.0,0.6
113,41.111846923828125,15.20680046081543,4.111184692382812,1.520680046081543
114,8.434361457824707,4.589285373687744,0.8434361457824707,0.4589285373687744
115,6.858611106872559,24.760746002197266,0.6858611106872559,2.4760746002197265
116,27.655969619750977,19.84571647644043,2.7655969619750977,1.984571647644043
117,7.358236789703369,19.02629852294922,0.735823678970337,1.9026298522949219
118,7.945036888122559,22.261091232299805,0.7945036888122559,2.2261091232299806
119,9.121402740478516,16.400985717773438,0.9121402740478516,1.6400985717773438
120,24.041629791259766,12.020814895629883,2.4041629791259767,1.2020814895629883
121,5.531727313995361,11.497314453125,0.5531727313995362,1.1497314453125
122,13.452308654785156,12.981947898864746,1.3452308654785157,1.2981947898864745
123,7.488452911376953,30.84132957458496,0.7488452911376953,3.084132957458496
124,25.491174697875977,23.702320098876953,2.5491174697875976,2.3702320098876952
125,9.0,9.0,0.9,0.9
126,12.439053535461426,19.955699920654297,1.2439053535461426,1.9955699920654297
127,6.411561012268066,15.782302856445312,0.6411561012268067,1.5782302856445312
128,0.7071067094802856,8.485280990600586,0.07071067094802856,0.8485280990600585
129,5.839858531951904,14.212668418884277,0.5839858531951905,1.4212668418884278
130,17.72004508972168,3.4988625049591064,1.7720045089721679,0.34988625049591066
131,12.727920532226562,7.071067810058594,1.2727920532226562,0.7071067810058593
132,8.0,15.0,0.8,1.5
133,38.51456832885742,15.620355606079102,3.8514568328857424,1.5620355606079102
134,8.43299388885498,12.551432609558105,0.843299388885498,1.2551432609558106
135,56.93218994140625,12.173538208007812,5.693218994140625,1.2173538208007812
136,13.341224670410156,16.052854537963867,1.3341224670410157,1.6052854537963868
137,12.322989463806152,45.60776138305664,1.2322989463806153,4.560776138305664
138,17.44133186340332,11.895883560180664,1.744133186340332,1.1895883560180665
139,4.664005279541016,13.341224670410156,0.4664005279541016,1.3341224670410157
140,36.259361267089844,5.323666095733643,3.6259361267089845,0.5323666095733642
141,12.0,13.0,1.2,1.3
142,12.074766159057617,13.416407585144043,1.2074766159057617,1.3416407585144043
143,7.778174877166748,9.192388534545898,0.7778174877166748,0.9192388534545899
144,5.374011516571045,11.455129623413086,0.5374011516571044,1.1455129623413085
145,17.819089889526367,41.2950325012207,1.7819089889526367,4.12950325012207
146,65.11524200439453,18.707653045654297,6.511524200439453,1.8707653045654298
147,9.838699340820312,6.708203315734863,0.9838699340820313,0.6708203315734863
148,8.219949722290039,13.645115852355957,0.8219949722290039,1.3645115852355958
149,4.0,8.0,0.4,0.8
150,26.570138931274414,13.31280517578125,2.6570138931274414,1.331280517578125
151,8.854375839233398,4.427187919616699,0.8854375839233398,0.4427187919616699
152,0.9701424241065979,8.246211051940918,0.09701424241065978,0.8246211051940918
153,12.008981704711914,35.057098388671875,1.2008981704711914,3.5057098388671877
154,4.0,11.0,0.4,1.1
155,25.612497329711914,29.048322677612305,2.5612497329711914,2.9048322677612304
156,7.808688640594482,15.148855209350586,0.7808688640594482,1.5148855209350587
157,13.0,8.0,1.3,0.8
158,8.0,5.0,0.8,0.5
159,1.4552137851715088,9.45888900756836,0.14552137851715088,0.945888900756836
160,23.758403778076172,44.074378967285156,2.3758403778076174,4.407437896728515
161,27.280033111572266,11.180340766906738,2.7280033111572264,1.1180340766906738
162,13.000000953674316,1.92307710647583,1.3000000953674316,0.192307710647583
163,11.676482200622559,1.9291578531265259,1.1676482200622558,0.19291578531265258
164,8.731282234191895,14.309601783752441,0.8731282234191895,1.4309601783752441
165,5.0,10.0,0.5,1.0
166,10.733125686645508,9.838699340820312,1.0733125686645508,0.9838699340820313
167,18.35713768005371,48.12547302246094,1.835713768005371,4.812547302246093
168,9.17060375213623,5.692099571228027,0.917060375213623,0.5692099571228028
169,10.0,12.0,1.0,1.2
170,3.0,16.0,0.3,1.6
171,9.899495124816895,4.949747562408447,0.9899495124816895,0.49497475624084475
172,7.0,11.0,0.7,1.1
173,12.279438018798828,5.085423946380615,1.2279438018798827,0.5085423946380615
174,10.18233871459961,17.39482879638672,1.018233871459961,1.7394828796386719
175,28.001432418823242,37.05239486694336,2.800143241882324,3.705239486694336
176,19.76482391357422,5.8962297439575195,1.9764823913574219,0.589622974395752
177,4.121678829193115,12.798896789550781,0.4121678829193115,1.2798896789550782
178,9.05807876586914,9.68277359008789,0.9058078765869141,0.9682773590087891
179,13.56652545928955,37.926307678222656,1.3566525459289551,3.7926307678222657
180,8.320503234863281,8.043152809143066,0.8320503234863281,0.8043152809143066
181,4.207032203674316,27.892620086669922,0.42070322036743163,2.7892620086669924
182,20.60000228881836,23.200000762939453,2.0600002288818358,2.3200000762939452
183,6.870728015899658,11.14172077178955,0.6870728015899659,1.1141720771789552
184,10.463730812072754,21.757915496826172,1.0463730812072753,2.175791549682617
185,13.86362075805664,10.733125686645508,1.386362075805664,1.0733125686645508
186,8.0,10.0,0.8,1.0
187,8.854375839233398,4.427187919616699,0.8854375839233398,0.4427187919616699
188,19.198345184326172,13.12429428100586,1.919834518432617,1.312429428100586
189,9.0,18.0,0.9,1.8
190,23.1539306640625,71.58781433105469,2.31539306640625,7.158781433105469
191,64.90605926513672,36.692230224609375,6.4906059265136715,3.6692230224609377
192,13.477981567382812,37.31843185424805,1.3477981567382813,3.731843185424805
193,10.84652328491211,5.857122421264648,1.0846523284912108,0.5857122421264649
194,10.435516357421875,19.289892196655273,1.0435516357421875,1.9289892196655274
195,10.417174339294434,37.239837646484375,1.0417174339294433,3.7239837646484375
196,13.927149772644043,11.327415466308594,1.3927149772644043,1.1327415466308595
197,10.348386764526367,5.572208404541016,1.0348386764526367,0.5572208404541016
198,14.0,20.0,1.4,2.0
199,18.973661422729492,11.384199142456055,1.8973661422729493,1.1384199142456055
200,17.8885440826416,62.60989761352539,1.7888544082641602,6.260989761352539
201,10.28591251373291,4.0249223709106445,1.028591251373291,0.40249223709106446
202,6.39450216293335,12.872049331665039,0.639450216293335,1.2872049331665039
203,18.782970428466797,15.205260276794434,1.8782970428466796,1.5205260276794434
204,30.594118118286133,14.904827117919922,3.059411811828613,1.490482711791992
205,24.05076026916504,11.400684356689453,2.405076026916504,1.1400684356689452
206,13.0,9.0,1.3,0.9
207,8.727680206298828,5.013774394989014,0.8727680206298828,0.5013774394989013
208,3.6380343437194824,9.216353416442871,0.36380343437194823,0.9216353416442871
209,4.52903938293457,15.617377281188965,0.45290393829345704,1.5617377281188964
210,41.15166473388672,12.67099380493164,4.115166473388672,1.267099380493164
211,30.267066955566406,15.805538177490234,3.0267066955566406,1.5805538177490235
212,8.236878395080566,3.7262067794799805,0.8236878395080567,0.372620677947998
213,5.091169357299805,8.7681245803833,0.5091169357299805,0.8768124580383301
214,9.47046184539795,0.7427813410758972,0.9470461845397949,0.07427813410758972
215,5.375871658325195,8.538147926330566,0.5375871658325195,0.8538147926330566
216,9.486833572387695,0.9486832022666931,0.9486833572387695,0.09486832022666931
217,8.0,6.0,0.8,0.6
218,14.153847694396973,17.153846740722656,1.4153847694396973,1.7153846740722656
219,10.435516357421875,4.743415832519531,1.0435516357421875,0.47434158325195314
220,12.016654968261719,1.2649110555648804,1.201665496826172,0.12649110555648804
221,14.422204971313477,3.605551242828369,1.4422204971313477,0.3605551242828369
222,12.969193458557129,11.180339813232422,1.296919345855713,1.1180339813232423
223,27.585397720336914,11.877047538757324,2.7585397720336915,1.1877047538757324
224,6.790997505187988,19.645383834838867,0.6790997505187988,1.9645383834838868
225,10.18233871459961,18.809043884277344,1.018233871459961,1.8809043884277343
226,11.374448776245117,5.521576881408691,1.1374448776245116,0.5521576881408692
227,10.0,6.0,1.0,0.6
228,35.82840347290039,17.270780563354492,3.582840347290039,1.7270780563354493
229,22.0,15.0,2.2,1.5
230,28.605422973632812,15.124706268310547,2.8605422973632812,1.5124706268310546
231,11.31370735168457,19.091880798339844,1.131370735168457,1.9091880798339844
232,5.0,11.0,0.5,1.1
233,9.0,5.0,0.9,0.5
234,8.0,12.0,0.8,1.2
235,63.651885986328125,15.450644493103027,6.3651885986328125,1.5450644493103027
236,13.824529647827148,5.335783958435059,1.3824529647827148,0.5335783958435059
237,9.0,8.0,0.9,0.8
238,6.0,10.0,0.6,1.0
239,54.40166091918945,12.0767183303833,5.440166091918945,1.20767183303833
240,6.4854350090026855,22.20360565185547,0.6485435009002686,2.2203605651855467
241,10.857857704162598,31.728084564208984,1.0857857704162597,3.1728084564208983
242,12.0,3.0,1.2,0.3
243,41.78083038330078,18.59656524658203,4.178083038330078,1.859656524658203
244,25.298219680786133,4.743415832519531,2.5298219680786134,0.47434158325195314
245,37.55475616455078,85.7576675415039,3.755475616455078,8.57576675415039
246,25.27566909790039,1.4684808254241943,2.527566909790039,0.14684808254241943
247,22.0,21.0,2.2,2.1
248,3.0,18.200000762939453,0.3,1.8200000762939452
249,26.372909545898438,8.909167289733887,2.6372909545898438,0.8909167289733887
250,16.020099639892578,14.925558090209961,1.6020099639892578,1.492555809020996
251,13.918481826782227,41.49283218383789,1.3918481826782227,4.149283218383789
252,3.0,8.0,0.3,0.8
253,9.17060375213623,23.084627151489258,0.917060375213623,2.308462715148926
254,8.485280990600586,0.0,0.8485280990600585,0.0
255,1.1401753425598145,13.594398498535156,0.11401753425598145,1.3594398498535156
256,2.6303837299346924,8.055550575256348,0.2630383729934692,0.8055550575256347
257,7.155416965484619,12.969193458557129,0.7155416965484619,1.296919345855713
258,2.7439775466918945,20.579830169677734,0.2743977546691895,2.0579830169677735
259,2.604728937149048,17.861000061035156,0.2604728937149048,1.7861000061035157
260,7.958798408508301,16.268718719482422,0.7958798408508301,1.6268718719482422
261,14.0,9.0,1.4,0.9
262,12.823122024536133,6.247161388397217,1.2823122024536133,0.6247161388397217
263,13.914020538330078,6.640782833099365,1.3914020538330079,0.6640782833099366
264,12.074766159057617,12.074766159057617,1.2074766159057617,1.2074766159057617
265,15.924211502075195,20.464008331298828,1.5924211502075196,2.0464008331298826
266,25.89898681640625,55.34286117553711,2.589898681640625,5.534286117553711
267,26.85909652709961,12.965067863464355,2.685909652709961,1.2965067863464355
268,28.0,13.0,2.8,1.3
269,12.0,17.0,1.2,1.7
270,12.0,10.0,1.2,1.0
271,7.938222408294678,11.783299446105957,0.7938222408294677,1.1783299446105957
272,7.0,8.0,0.7,0.8
273,13.0,22.0,1.3,2.2
274,7.0,8.0,0.7,0.8
275,8.231931686401367,19.036340713500977,0.8231931686401367,1.9036340713500977
276,14.131950378417969,4.382693290710449,1.4131950378417968,0.43826932907104493
277,12.86194133758545,18.268871307373047,1.286194133758545,1.8268871307373047
278,26.437150955200195,11.709811210632324,2.6437150955200197,1.1709811210632324
279,17.190336227416992,7.1041693687438965,1.7190336227416991,0.7104169368743897
280,11.382722854614258,5.926541328430176,1.1382722854614258,0.5926541328430176
281,28.625335693359375,75.68387603759766,2.8625335693359375,7.568387603759765
282,5.400000095367432,11.0,0.5400000095367432,1.1
283,14.0,12.0,1.4,1.2
284,11.384199142456055,11.067971229553223,1.1384199142456055,1.1067971229553222
285,15.200000762939453,10.0,1.5200000762939454,1.0
286,7.77817440032959,19.798988342285156,0.7778174400329589,1.9798988342285155
287,4.0249223709106445,8.497057914733887,0.40249223709106446,0.8497057914733886
288,29.326461791992188,15.30665111541748,2.9326461791992187,1.530665111541748
289,14.0,11.0,1.4,1.1
290,21.920310974121094,7.77817440032959,2.1920310974121096,0.7778174400329589
291,15.0,5.0,1.5,0.5
292,5.366562843322754,12.074767112731934,0.5366562843322754,1.2074767112731934
293,7.9375386238098145,19.372974395751953,0.7937538623809814,1.9372974395751954
294,16.15384864807129,7.4615397453308105,1.615384864807129,0.7461539745330811
295,21.952539443969727,9.59365463256836,2.1952539443969727,0.9593654632568359
296,10.192737579345703,12.658721923828125,1.0192737579345703,1.2658721923828125
297,3.4117650985717773,17.0,0.34117650985717773,1.7
298,7.938222408294678,12.651541709899902,0.7938222408294677,1.2651541709899903
299,10.0,6.0,1.0,0.6
300,8.731284141540527,37.59302520751953,0.8731284141540527,3.759302520751953
301,21.92644691467285,10.261578559875488,2.1926446914672852,1.0261578559875488
302,25.358983993530273,10.606114387512207,2.5358983993530275,1.0606114387512207
303,38.32731628417969,2.705458164215088,3.8327316284179687,0.27054581642150877
304,12.0,13.0,1.2,1.3
305,17.643856048583984,12.357306480407715,1.7643856048583983,1.2357306480407715
306,15.55634880065918,8.485280990600586,1.5556348800659179,0.8485280990600585
307,3.7947328090667725,10.75174331665039,0.37947328090667726,1.075174331665039
308,36.68787384033203,7.850005626678467,3.668787384033203,0.7850005626678467
309,11.384199142456055,4.110960960388184,1.1384199142456055,0.41109609603881836
310,25.0,18.0,2.5,1.8
311,10.712867736816406,27.072826385498047,1.0712867736816407,2.7072826385498048
312,21.651342391967773,19.55605125427246,2.165134239196777,1.9556051254272462
313,50.24800109863281,28.225299835205078,5.024800109863281,2.822529983520508
314,12.854387283325195,4.3656415939331055,1.2854387283325195,0.43656415939331056
315,34.14194107055664,13.909680366516113,3.414194107055664,1.3909680366516113
316,6.957010269165039,21.187259674072266,0.6957010269165039,2.1187259674072267
317,3.7262067794799805,8.236878395080566,0.372620677947998,0.8236878395080567
318,7.158705711364746,12.798896789550781,0.7158705711364746,1.2798896789550782
319,12.016654014587402,17.708751678466797,1.2016654014587402,1.7708751678466796
320,52.179256439208984,14.271248817443848,5.217925643920898,1.4271248817443847
321,46.06299591064453,13.86362075805664,4.606299591064453,1.386362075805664
322,1.6083214282989502,24.758405685424805,0.16083214282989503,2.4758405685424805
323,3.535533905029297,9.192388534545898,0.35355339050292967,0.9192388534545899
324,58.93755340576172,18.134632110595703,5.893755340576172,1.8134632110595703
325,27.0,12.0,2.7,1.2
326,12.965337753295898,4.743415832519531,1.2965337753295898,0.47434158325195314
327,18.0,13.0,1.8,1.3
328,19.0,15.0,1.9,1.5
329,13.927149772644043,40.66727828979492,1.3927149772644043,4.066727828979492
330,11.627553939819336,5.366562843322754,1.1627553939819335,0.5366562843322754
331,17.36241912841797,8.325839042663574,1.736241912841797,0.8325839042663574
332,3.5355336666107178,9.899495124816895,0.3535533666610718,0.9899495124816895
333,20.52390480041504,21.35595703125,2.052390480041504,2.135595703125
334,5.281360149383545,19.313209533691406,0.5281360149383545,1.9313209533691407
335,23.900211334228516,10.323759078979492,2.3900211334228514,1.0323759078979493
336,7.0601806640625,9.021342277526855,0.70601806640625,0.9021342277526856
337,20.248119354248047,12.757484436035156,2.024811935424805,1.2757484436035156
338,31.789321899414062,4.786031246185303,3.1789321899414062,0.4786031246185303
339,25.16354751586914,49.21274948120117,2.5163547515869142,4.921274948120117
340,14.328536033630371,6.36823844909668,1.432853603363037,0.6368238449096679
341,33.10572052001953,15.967390060424805,3.310572052001953,1.5967390060424804
342,75.86563873291016,24.56852912902832,7.5865638732910154,2.456852912902832
343,43.10871124267578,3.1887807846069336,4.310871124267578,0.3188780784606934
344,1.7814559936523438,26.844696044921875,0.17814559936523439,2.6844696044921874
345,8.59785270690918,15.808955192565918,0.8597852706909179,1.5808955192565919
346,12.554543495178223,38.0499267578125,1.2554543495178223,3.80499267578125
347,9.054534912109375,2.1085903644561768,0.9054534912109375,0.21085903644561768
348,11.981084823608398,10.153462409973145,1.1981084823608399,1.0153462409973144
349,12.165525436401367,5.425166606903076,1.2165525436401368,0.5425166606903076
350,10.0,15.0,1.0,1.5
351,2.7696433067321777,17.69180679321289,0.2769643306732178,1.769180679321289
352,4.0,9.0,0.4,0.9
353,6.1017022132873535,12.203404426574707,0.6101702213287353,1.2203404426574707
354,9.055386543273926,0.7730207443237305,0.9055386543273926,0.07730207443237305
355,7.2421183586120605,29.711254119873047,0.7242118358612061,2.9711254119873045
356,21.89430809020996,5.633623123168945,2.189430809020996,0.5633623123168945
357,9.838699340820312,11.180338859558105,0.9838699340820313,1.1180338859558105
358,8.901905059814453,4.372865676879883,0.8901905059814453,0.4372865676879883
359,43.20336151123047,20.760740280151367,4.320336151123047,2.0760740280151366
360,51.47311019897461,85.31071472167969,5.147311019897461,8.53107147216797
361,5.756555080413818,11.327415466308594,0.5756555080413819,1.1327415466308595
362,8.0,6.0,0.8,0.6
363,4.258177280426025,10.851484298706055,0.42581772804260254,1.0851484298706056
364,10.0,22.0,1.0,2.2
365,12.332881927490234,4.743415832519531,1.2332881927490233,0.47434158325195314
366,9.922778129577637,26.17132568359375,0.9922778129577636,2.617132568359375
367,31.35492706298828,12.986235618591309,3.135492706298828,1.2986235618591309
368,13.491570472717285,29.006879806518555,1.3491570472717285,2.9006879806518553
369,2.94484806060791,21.89430809020996,0.294484806060791,2.189430809020996
370,5.883484840393066,13.728129386901855,0.5883484840393066,1.3728129386901855
371,16.548484802246094,7.127317905426025,1.6548484802246093,0.7127317905426025
372,5.027947425842285,12.5299654006958,0.5027947425842285,1.2529965400695802
373,12.303659439086914,8.7681245803833,1.2303659439086914,0.8768124580383301
374,3.0,9.0,0.3,0.9
375,37.576393127441406,16.492534637451172,3.7576393127441405,1.6492534637451173
376,10.714122772216797,10.02731990814209,1.0714122772216796,1.002731990814209
377,1.2493901252746582,10.77599048614502,0.12493901252746582,1.077599048614502
378,13.79269790649414,33.52392578125,1.379269790649414,3.352392578125
379,14.0,7.0,1.4,0.7
380,9.838699340820312,16.099689483642578,0.9838699340820313,1.6099689483642579
381,17.677669525146484,21.21320343017578,1.7677669525146484,2.121320343017578
382,13.776693344116211,62.54099655151367,1.377669334411621,6.254099655151367
383,16.071182250976562,26.785306930541992,1.6071182250976563,2.678530693054199
384,14.988800048828125,20.76317596435547,1.4988800048828126,2.0763175964355467
385,11.377232551574707,19.598735809326172,1.1377232551574707,1.959873580932617
386,16.86156463623047,50.156463623046875,1.6861564636230468,5.015646362304688
387,29.0,14.0,2.9,1.4
388,4.0249223709106445,8.497057914733887,0.40249223709106446,0.8497057914733886
389,16.076919555664062,40.80184555053711,1.6076919555664062,4.080184555053711
390,56.776397705078125,14.080388069152832,5.677639770507812,1.4080388069152832
391,14.0,13.0,1.4,1.3
392,25.491174697875977,9.838699340820312,2.5491174697875976,0.9838699340820313
393,13.476943016052246,28.07032012939453,1.3476943016052245,2.807032012939453
394,3.882901668548584,8.320503234863281,0.3882901668548584,0.8320503234863281
395,50.34600830078125,20.223257064819336,5.034600830078125,2.0223257064819338
396,4.0,10.0,0.4,1.0
397,12.480753898620605,22.188007354736328,1.2480753898620605,2.218800735473633
398,13.312804222106934,7.21110200881958,1.3312804222106933,0.721110200881958
399,27.352941513061523,19.352941513061523,2.735294151306152,1.9352941513061523
400,21.02379608154297,7.753119945526123,2.1023796081542967,0.7753119945526123
401,8.0,4.0,0.8,0.4
402,5.0,9.0,0.5,0.9
403,5.3215203285217285,20.22177505493164,0.5321520328521728,2.022177505493164
404,15.659103393554688,29.257797241210938,1.5659103393554688,2.9257797241210937
405,12.0,9.0,1.2,0.9
406,5.0,8.0,0.5,0.8
407,9.0,15.0,0.9,1.5
408,11.648704528808594,3.882901668548584,1.1648704528808593,0.3882901668548584
409,29.96063232421875,11.139209747314453,2.996063232421875,1.1139209747314454
410,3.8754639625549316,45.22167205810547,0.38754639625549314,4.522167205810547
411,50.60398864746094,35.5490608215332,5.060398864746094,3.5549060821533205
412,9.475231170654297,16.12203598022461,0.9475231170654297,1.612203598022461
413,10.028338432312012,0.986393928527832,1.0028338432312012,0.0986393928527832
414,37.947322845458984,8.854375839233398,3.7947322845458986,0.8854375839233398
415,9.838699340820312,9.838699340820312,0.9838699340820313,0.9838699340820313
416,23.881717681884766,61.964359283447266,2.3881717681884767,6.196435928344727
417,9.899494171142578,4.949747562408447,0.9899494171142578,0.49497475624084475
418,0.9805806875228882,13.139781951904297,0.09805806875228881,1.3139781951904297
419,10.733126640319824,8.944271087646484,1.0733126640319823,0.8944271087646485
420,25.179048538208008,8.806466102600098,2.517904853820801,0.8806466102600098
421,1.5689289569854736,13.139781951904297,0.15689289569854736,1.3139781951904297
422,32.773193359375,16.3865966796875,3.2773193359375,1.63865966796875
423,24.257110595703125,20.472637176513672,2.4257110595703124,2.0472637176513673
424,12.68462085723877,61.0242919921875,1.2684620857238769,6.10242919921875
425,2.0,8.0,0.2,0.8
426,4.949747085571289,24.041629791259766,0.4949747085571289,2.4041629791259767
427,6.0,13.0,0.6,1.3
428,24.6657657623291,6.957010269165039,2.46657657623291,0.6957010269165039
429,16.443843841552734,12.965337753295898,1.6443843841552734,1.2965337753295898
430,12.65007495880127,27.95510482788086,1.265007495880127,2.795510482788086
431,16.343868255615234,23.632349014282227,1.6343868255615235,2.3632349014282226
432,8.0,6.0,0.8,0.6
433,14.0,32.0,1.4,3.2
434,10.0,23.0,1.0,2.3
435,13.924245834350586,10.59027099609375,1.3924245834350586,1.059027099609375
436,30.226036071777344,13.641204833984375,3.0226036071777345,1.3641204833984375
437,9.758074760437012,7.778174877166748,0.9758074760437012,0.7778174877166748
438,5.15373420715332,9.370426177978516,0.515373420715332,0.9370426177978516
439,12.0,7.0,1.2,0.7
440,16.463863372802734,14.234382629394531,1.6463863372802734,1.423438262939453
441,9.0,11.0,0.9,1.1
442,9.943960189819336,4.365641117095947,0.9943960189819336,0.43656411170959475
443,1.280368685722351,9.34669303894043,0.12803686857223512,0.934669303894043
444,19.0,18.0,1.9,1.8
445,7.207985877990723,14.945971488952637,0.7207985877990722,1.4945971488952636
446,8.38461685180664,13.769231796264648,0.8384616851806641,1.376923179626465
447,17.582151412963867,42.85649108886719,1.7582151412963867,4.285649108886719
448,27.676816940307617,18.69439125061035,2.767681694030762,1.8694391250610352
449,5.366562843322754,15.205260276794434,0.5366562843322754,1.5205260276794434
450,3.3226711750030518,17.942426681518555,0.3322671175003052,1.7942426681518555
451,6.783986568450928,16.00596809387207,0.6783986568450928,1.600596809387207
452,17.677669525146484,11.737972259521484,1.7677669525146484,1.1737972259521485
453,2.4410576820373535,13.928387641906738,0.24410576820373536,1.3928387641906739
454,45.677345275878906,14.178135871887207,4.5677345275878904,1.4178135871887207
455,8.0,5.0,0.8,0.5
456,30.975967407226562,20.263099670410156,3.0975967407226563,2.0263099670410156
457,20.82322120666504,64.53387451171875,2.082322120666504,6.453387451171875
458,8.0,8.0,0.8,0.8
459,8.0,15.0,0.8,1.5
460,6.008327484130859,8.538147926330566,0.600832748413086,0.8538147926330566
461,9.910755157470703,20.523155212402344,0.9910755157470703,2.052315521240234
462,8.503228187561035,15.129120826721191,0.8503228187561035,1.5129120826721192
463,4.0,8.0,0.4,0.8
464,7.340167045593262,11.400686264038086,0.7340167045593262,1.1400686264038087
465,31.304948806762695,12.969193458557129,3.1304948806762694,1.296919345855713
466,9.192388534545898,6.363961219787598,0.9192388534545899,0.6363961219787597
467,7.0,8.0,0.7,0.8
468,12.629633903503418,9.82304859161377,1.2629633903503419,0.982304859161377
469,9.391485214233398,9.391485214233398,0.9391485214233398,0.9391485214233398
470,9.0,12.0,0.9,1.2
471,1.0,11.0,0.1,1.1
472,10.0,6.0,1.0,0.6
473,6.246950626373291,16.554418563842773,0.6246950626373291,1.6554418563842774
474,14.44991397857666,21.2596435546875,1.444991397857666,2.12596435546875
475,13.181550979614258,33.18245315551758,1.3181550979614258,3.3182453155517577
476,11.0,17.0,1.1,1.7
477,11.75155258178711,40.584590911865234,1.175155258178711,4.058459091186523
478,12.020814895629883,4.949747562408447,1.2020814895629883,0.49497475624084475
479,4.992301940917969,14.699554443359375,0.49923019409179686,1.4699554443359375
480,33.79951477050781,11.128094673156738,3.3799514770507812,1.1128094673156739
481,53.318397521972656,24.09853172302246,5.331839752197266,2.4098531723022463
482,30.08196449279785,9.889960289001465,3.0081964492797852,0.9889960289001465
483,5.255862236022949,17.82160186767578,0.5255862236022949,1.782160186767578
484,27.800004959106445,7.000000953674316,2.7800004959106444,0.7000000953674317
485,13.600000381469727,8.199999809265137,1.3600000381469726,0.8199999809265137
486,8.913546562194824,28.137537002563477,0.8913546562194824,2.8137537002563477
487,8.021086692810059,18.832117080688477,0.8021086692810059,1.8832117080688477
488,7.566117763519287,9.178570747375488,0.7566117763519287,0.9178570747375489
489,8.0,9.0,0.8,0.9
490,14.8492431640625,13.01076602935791,1.48492431640625,1.301076602935791
491,28.42362403869629,15.305028915405273,2.842362403869629,1.5305028915405274
492,50.83064270019531,15.364424705505371,5.083064270019531,1.536442470550537
493,7.0,9.0,0.7,0.9
494,21.682828903198242,9.009062767028809,2.168282890319824,0.9009062767028808
495,19.892276763916016,35.18138122558594,1.9892276763916015,3.518138122558594
496,30.923080444335938,14.2307710647583,3.0923080444335938,1.42307710647583
497,4.372865676879883,27.95510482788086,0.4372865676879883,2.795510482788086
498,24.082508087158203,4.61732292175293,2.4082508087158203,0.461732292175293
499,8.838701248168945,16.60898780822754,0.8838701248168945,1.660898780822754
500,8.973817825317383,17.46256446838379,0.8973817825317383,1.746256446838379
501,42.473876953125,23.06502914428711,4.2473876953125,2.306502914428711
502,9.021342277526855,5.687368392944336,0.9021342277526856,0.5687368392944336
503,3.010986089706421,22.436702728271484,0.3010986089706421,2.2436702728271483
504,4.989645481109619,9.979290962219238,0.4989645481109619,0.9979290962219238
505,14.0,14.0,1.4,1.4
506,20.57182502746582,20.124610900878906,2.057182502746582,2.0124610900878905
507,6.0,15.0,0.6,1.5
508,8.666704177856445,19.404212951660156,0.8666704177856446,1.9404212951660156
509,28.0,9.0,2.8,0.9
510,3.535533905029297,9.333809852600098,0.35355339050292967,0.9333809852600098
511,25.923192977905273,12.581968307495117,2.592319297790527,1.2581968307495117
512,4.0,8.0,0.4,0.8
513,27.427555084228516,8.324893951416016,2.7427555084228517,0.8324893951416016
514,19.93091583251953,18.103918075561523,1.9930915832519531,1.8103918075561523
515,33.395591735839844,4.327315807342529,3.3395591735839845,0.43273158073425294
516,6.0,10.0,0.6,1.0
517,12.0,16.0,1.2,1.6
518,9.055386543273926,6.625892639160156,0.9055386543273926,0.6625892639160156
519,15.041322708129883,14.484235763549805,1.5041322708129883,1.4484235763549804
520,21.0,11.0,2.1,1.1
521,5.093247413635254,11.641709327697754,0.5093247413635253,1.1641709327697753
522,9.384140014648438,28.40155601501465,0.9384140014648438,2.840155601501465
523,12.727920532226562,2.1213202476501465,1.2727920532226562,0.21213202476501464
524,8.903672218322754,28.083831787109375,0.8903672218322753,2.8083831787109377
525,15.598408699035645,7.2421183586120605,1.5598408699035644,0.7242118358612061
526,15.0,16.0,1.5,1.6
527,11.0,4.0,1.1,0.4
528,12.727923393249512,2.82842755317688,1.2727923393249512,0.282842755317688
529,17.85142707824707,5.254654884338379,1.785142707824707,0.5254654884338379
530,8.0,9.0,0.8,0.9
531,46.84000015258789,14.279999732971191,4.684000015258789,1.4279999732971191
532,12.041595458984375,0.8304548263549805,1.2041595458984375,0.08304548263549805
533,6.077702045440674,10.791021347045898,0.6077702045440674,1.07910213470459
534,2.808987855911255,9.714415550231934,0.28089878559112547,0.9714415550231934
535,23.131059646606445,26.857730865478516,2.3131059646606444,2.6857730865478517
536,11.395282745361328,5.249512672424316,1.1395282745361328,0.5249512672424317
537,13.549554824829102,35.77412796020508,1.3549554824829102,3.577412796020508
538,6.102281093597412,15.21894359588623,0.6102281093597413,1.521894359588623
539,6.363961696624756,12.020817756652832,0.6363961696624756,1.2020817756652833
540,8.062257766723633,2.1085903644561768,0.8062257766723633,0.21085903644561768
541,6.302709579467773,10.373208999633789,0.6302709579467773,1.037320899963379
542,9.877569198608398,20.131427764892578,0.9877569198608398,2.013142776489258
543,95.76475524902344,21.704862594604492,9.576475524902344,2.170486259460449
544,14.1481351852417,35.30166244506836,1.41481351852417,3.530166244506836
545,9.219544410705566,0.8677219152450562,0.9219544410705567,0.08677219152450562
546,15.652474403381348,16.099689483642578,1.5652474403381347,1.6099689483642579
547,12.165525436401367,9.535140991210938,1.2165525436401368,0.9535140991210938
548,32.64659118652344,61.26826477050781,3.264659118652344,6.126826477050781
549,8.246211051940918,3.6380343437194824,0.8246211051940918,0.36380343437194823
550,4.714951992034912,10.816654205322266,0.4714951992034912,1.0816654205322265
551,16.236997604370117,70.21605682373047,1.6236997604370118,7.021605682373047
552,10.0,10.0,1.0,1.0
553,9.433980941772461,2.3319954872131348,0.9433980941772461,0.2331995487213135
554,14.620223045349121,22.66748809814453,1.462022304534912,2.266748809814453
555,19.400001525878906,37.400001525878906,1.9400001525878907,3.7400001525878905
556,19.776817321777344,41.108665466308594,1.9776817321777345,4.110866546630859
557,5.82963228225708,32.24903106689453,0.582963228225708,3.224903106689453
558,17.28734016418457,73.92108917236328,1.728734016418457,7.392108917236328
559,9.391485214233398,4.0249223709106445,0.9391485214233398,0.40249223709106446
560,4.0,8.0,0.4,0.8
561,9.68277359008789,4.52903938293457,0.9682773590087891,0.45290393829345704
562,12.445079803466797,10.18233871459961,1.2445079803466796,1.018233871459961
563,5.099019527435303,12.74754810333252,0.5099019527435302,1.274754810333252
564,17.826751708984375,11.14172077178955,1.7826751708984374,1.1141720771789552
565,41.930633544921875,13.913838386535645,4.193063354492187,1.3913838386535644
566,6.913992404937744,19.20553207397461,0.6913992404937744,1.920553207397461
567,26.913841247558594,10.53337287902832,2.691384124755859,1.053337287902832
568,7.829551696777344,13.873414993286133,0.7829551696777344,1.3873414993286133
569,16.345903396606445,6.31858491897583,1.6345903396606445,0.631858491897583
570,79.47837829589844,12.425531387329102,7.947837829589844,1.24255313873291
571,9.707253456115723,4.714951992034912,0.9707253456115723,0.4714951992034912
572,17.04930877685547,4.310218334197998,1.704930877685547,0.4310218334197998
573,8.0,7.0,0.8,0.7
574,9.391485214233398,10.28591251373291,0.9391485214233398,1.028591251373291
575,9.0,15.0,0.9,1.5
576,9.0,10.0,0.9,1.0
577,27.94782829284668,4.274374008178711,2.794782829284668,0.42743740081787107
578,8.485280990600586,4.242640495300293,0.8485280990600585,0.4242640495300293
579,43.96007537841797,24.801435470581055,4.396007537841797,2.4801435470581055
580,10.119288444519043,18.973663330078125,1.0119288444519043,1.8973663330078125
581,8.392796516418457,13.251785278320312,0.8392796516418457,1.3251785278320312
582,10.0,5.0,1.0,0.5
583,10.394155502319336,6.6679487228393555,1.0394155502319335,0.6667948722839355
584,12.0,6.0,1.2,0.6
585,10.198039054870605,0.7844645380973816,1.0198039054870605,0.07844645380973816
586,9.82840633392334,11.0431547164917,0.982840633392334,1.1043154716491699
587,5.0,8.0,0.5,0.8
588,13.0,22.0,1.3,2.2
589,7.615774154663086,15.888080596923828,0.7615774154663086,1.5888080596923828
590,10.0,11.0,1.0,1.1
591,10.0,13.0,1.0,1.3
592,6.0,15.0,0.6,1.5
593,18.581829071044922,9.003567695617676,1.8581829071044922,0.9003567695617676
594,36.99864959716797,4.110960960388184,3.699864959716797,0.41109609603881836
595,4.0,11.0,0.4,1.1
596,12.369317054748535,41.3765754699707,1.2369317054748534,4.137657546997071
597,5.4828691482543945,15.12865924835205,0.5482869148254395,1.512865924835205
598,9.055386543273926,3.754672050476074,0.9055386543273926,0.37546720504760744
599,10.39415454864502,15.100942611694336,1.039415454864502,1.5100942611694337
600,6.449805736541748,11.783299446105957,0.6449805736541748,1.1783299446105957
601,9.946917533874512,2.057982921600342,0.9946917533874512,0.20579829216003417
602,10.0,11.0,1.0,1.1
603,10.049875259399414,4.477667808532715,1.0049875259399415,0.4477667808532715
604,14.0,31.0,1.4,3.1
605,14.55213737487793,5.093247890472412,1.455213737487793,0.5093247890472412
606,41.086029052734375,13.707860946655273,4.108602905273438,1.3707860946655273
607,7.0,9.0,0.7,0.9
608,10.733125686645508,11.627553939819336,1.0733125686645508,1.1627553939819335
609,29.901966094970703,6.14423942565918,2.9901966094970702,0.6144239425659179
610,29.88042449951172,15.386189460754395,2.988042449951172,1.5386189460754394
611,5.199469566345215,11.884502410888672,0.5199469566345215,1.188450241088867
612,5.25437068939209,34.82815170288086,0.5254370689392089,3.482815170288086
613,48.813812255859375,23.059894561767578,4.881381225585938,2.305989456176758
614,23.086790084838867,3.8550174236297607,2.3086790084838866,0.3855017423629761
615,7.0,8.0,0.7,0.8
616,12.4415864944458,42.52423095703125,1.24415864944458,4.252423095703125
617,8.66622543334961,17.201147079467773,0.8666225433349609,1.7201147079467773
618,30.860116958618164,85.92636108398438,3.0860116958618162,8.592636108398438
619,10.348386764526367,7.2637715339660645,1.0348386764526367,0.7263771533966065
620,6.394081115722656,28.002992630004883,0.6394081115722656,2.8002992630004884
621,19.0,7.0,1.9,0.7
622,8.485281944274902,23.617366790771484,0.8485281944274903,2.3617366790771483
623,10.733125686645508,12.969193458557129,1.0733125686645508,1.296919345855713
624,23.33452033996582,11.313708305358887,2.333452033996582,1.1313708305358887
625,4.4721360206604,12.521980285644531,0.44721360206604005,1.2521980285644532
626,10.200000762939453,8.40000057220459,1.0200000762939454,0.840000057220459
627,59.53989791870117,15.250276565551758,5.953989791870117,1.5250276565551757
628,7.0,13.0,0.7,1.3
629,35.9599609375,15.247270584106445,3.59599609375,1.5247270584106445
630,31.62277603149414,12.965338706970215,3.162277603149414,1.2965338706970215
631,10.198039054870605,1.17669677734375,1.0198039054870605,0.117669677734375
632,19.0,17.0,1.9,1.7
633,14.310833930969238,7.602630615234375,1.4310833930969238,0.7602630615234375
634,14.142135620117188,31.11269760131836,1.4142135620117187,3.1112697601318358
635,2.2283992767333984,28.440414428710938,0.22283992767333985,2.844041442871094
636,17.095382690429688,12.372533798217773,1.7095382690429688,1.2372533798217773
637,31.683584213256836,55.1347770690918,3.1683584213256837,5.51347770690918
638,3.0,8.0,0.3,0.8
639,4.767570495605469,18.248287200927734,0.4767570495605469,1.8248287200927735
640,3.4785056114196777,9.486833572387695,0.3478505611419678,0.9486833572387695
641,22.76883888244629,10.60660171508789,2.2768838882446287,1.060660171508789
642,3.605551242828369,25.238859176635742,0.3605551242828369,2.5238859176635744
643,1.2403472661972046,12.527507781982422,0.12403472661972045,1.252750778198242
644,16.0,10.0,1.6,1.0
645,14.310833930969238,5.366562843322754,1.4310833930969238,0.5366562843322754
646,4.949747085571289,12.020814895629883,0.4949747085571289,1.2020814895629883
647,4.0,16.0,0.4,1.6
648,24.69817543029785,11.579801559448242,2.469817543029785,1.1579801559448242
649,18.782970428466797,15.652474403381348,1.8782970428466796,1.5652474403381347
650,25.0,12.0,2.5,1.2
651,31.62277603149414,9.803060531616211,3.162277603149414,0.9803060531616211
652,31.75661849975586,2.38458514213562,3.1756618499755858,0.238458514213562
653,23.525955200195312,6.5484619140625,2.3525955200195314,0.65484619140625
654,29.87923812866211,6.994630813598633,2.987923812866211,0.6994630813598632
655,30.291213989257812,11.947154998779297,3.0291213989257812,1.1947154998779297
656,13.0,51.0,1.3,5.1
657,17.923410415649414,9.213640213012695,1.7923410415649415,0.9213640213012695
658,38.48843002319336,10.302041053771973,3.848843002319336,1.0302041053771973
659,8.497057914733887,11.627553939819336,0.8497057914733886,1.1627553939819335
660,4.0,11.0,0.4,1.1
661,22.360679626464844,12.521980285644531,2.2360679626464846,1.2521980285644532
662,27.174236297607422,6.403124809265137,2.7174236297607424,0.6403124809265137
663,7.589465618133545,20.55480194091797,0.7589465618133545,2.055480194091797
664,5.713412284851074,23.075529098510742,0.5713412284851074,2.3075529098510743
665,27.0,24.0,2.7,2.4
666,13.435029029846191,11.313709259033203,1.343502902984619,1.1313709259033202
667,43.814022064208984,22.970808029174805,4.381402206420899,2.2970808029174803
668,10.435516357421875,5.0596442222595215,1.0435516357421875,0.5059644222259522
669,15.784103393554688,26.740127563476562,1.5784103393554687,2.6740127563476563
670,36.671512603759766,10.733125686645508,3.6671512603759764,1.0733125686645508
671,36.06244659423828,3.535534143447876,3.606244659423828,0.3535534143447876
672,35.69685363769531,11.276700973510742,3.569685363769531,1.1276700973510743
673,24.163097381591797,9.322769165039062,2.4163097381591796,0.9322769165039062
674,38.067543029785156,12.070197105407715,3.806754302978516,1.2070197105407714
675,14.0,3.0,1.4,0.3
676,4.0,8.0,0.4,0.8
677,13.623725891113281,29.532445907592773,1.362372589111328,2.9532445907592773
678,53.03300476074219,14.142134666442871,5.303300476074218,1.4142134666442872
679,9.60969066619873,8.236878395080566,0.960969066619873,0.8236878395080567
680,7.033533096313477,11.64171028137207,0.7033533096313477,1.164171028137207
681,7.276068687438965,8.00367546081543,0.7276068687438965,0.8003675460815429
682,4.740464687347412,14.668607711791992,0.4740464687347412,1.4668607711791992
683,5.581562519073486,13.395750999450684,0.5581562519073486,1.3395750999450684
684,4.919349193572998,8.049844741821289,0.4919349193572998,0.8049844741821289
685,12.016654014587402,20.55480194091797,1.2016654014587402,2.055480194091797
686,21.82994270324707,11.06727409362793,2.182994270324707,1.106727409362793
687,12.586502075195312,7.071067810058594,1.2586502075195312,0.7071067810058593
688,57.96617126464844,14.699555397033691,5.796617126464843,1.4699555397033692
689,11.0,18.0,1.1,1.8
690,10.0,4.0,1.0,0.4
691,14.0,1.0,1.4,0.1
692,10.53930377960205,10.261953353881836,1.0539303779602052,1.0261953353881836
693,29.632553100585938,35.43518829345703,2.9632553100585937,3.543518829345703
694,4.110960960388184,9.486830711364746,0.41109609603881836,0.9486830711364747
695,8.0,3.0,0.8,0.3
696,4.9552741050720215,12.986235618591309,0.49552741050720217,1.2986235618591309
697,10.0,6.0,1.0,0.6
698,8.538147926330566,8.854375839233398,0.8538147926330566,0.8854375839233398
699,37.43055725097656,14.644401550292969,3.743055725097656,1.464440155029297
700,19.230182647705078,6.260990142822266,1.9230182647705079,0.6260990142822266
701,29.273096084594727,4.433096885681152,2.9273096084594727,0.44330968856811526
702,13.209487915039062,22.436702728271484,1.3209487915039062,2.2436702728271483
703,10.0,8.0,1.0,0.8
704,1.0,9.0,0.1,0.9
705,15.436219215393066,11.314046859741211,1.5436219215393066,1.1314046859741211
706,4.574821472167969,64.19454956054688,0.45748214721679686,6.419454956054688
707,4.133991718292236,19.927959442138672,0.41339917182922364,1.9927959442138672
708,49.040626525878906,6.949955940246582,4.904062652587891,0.6949955940246582
709,17.33245086669922,8.272306442260742,1.7332450866699218,0.8272306442260742
710,33.0,8.0,3.3,0.8
711,9.0,7.0,0.9,0.7
712,73.10951232910156,11.407546043395996,7.310951232910156,1.1407546043395995
713,15.807114601135254,5.220024108886719,1.5807114601135255,0.5220024108886718
714,18.15918731689453,8.101791381835938,1.8159187316894532,0.8101791381835938
715,10.619816780090332,8.277210235595703,1.0619816780090332,0.8277210235595703
716,2.2135941982269287,22.135942459106445,0.22135941982269286,2.2135942459106444
717,11.200000762939453,10.399999618530273,1.1200000762939453,1.0399999618530273
718,16.0,20.0,1.6,2.0
719,0.9486832022666931,14.546475410461426,0.09486832022666931,1.4546475410461426
720,11.792459487915039,27.654146194458008,1.179245948791504,2.7654146194458007
721,2.487593412399292,10.049875259399414,0.2487593412399292,1.0049875259399415
722,14.0,10.0,1.4,1.0
723,14.862703323364258,10.11928653717041,1.4862703323364257,1.011928653717041
724,11.067972183227539,5.692099571228027,1.106797218322754,0.5692099571228028
725,1.9414503574371338,10.816654205322266,0.1941450357437134,1.0816654205322265
726,3.745316743850708,10.065539360046387,0.3745316743850708,1.0065539360046387
727,8.589110374450684,21.189617156982422,0.8589110374450684,2.118961715698242
728,1.7925163507461548,15.620499610900879,0.17925163507461547,1.562049961090088
729,13.597793579101562,32.25522994995117,1.3597793579101562,3.225522994995117
730,8.0,7.0,0.8,0.7
731,11.523320198059082,6.785954475402832,1.1523320198059082,0.6785954475402832
732,7.0,10.0,0.7,1.0
733,36.540550231933594,13.471492767333984,3.6540550231933593,1.3471492767333983
734,12.790310859680176,5.99266242980957,1.2790310859680176,0.599266242980957
735,2.236067771911621,15.652474403381348,0.22360677719116212,1.5652474403381347
736,35.21377944946289,20.255420684814453,3.521377944946289,2.025542068481445
737,13.0,7.0,1.3,0.7
738,9.0,9.0,0.9,0.9
739,4.345991611480713,12.719974517822266,0.4345991611480713,1.2719974517822266
740,5.603402137756348,25.80171012878418,0.5603402137756348,2.580171012878418
741,11.62845516204834,28.635541915893555,1.162845516204834,2.8635541915893556
742,5.0,8.0,0.5,0.8
743,11.0,17.0,1.1,1.7
744,39.82453536987305,30.486919403076172,3.982453536987305,3.0486919403076174
745,27.387022018432617,9.165818214416504,2.7387022018432616,0.9165818214416503
746,11.0,20.200002670288086,1.1,2.0200002670288084
747,7.0,8.0,0.7,0.8
748,13.0,8.0,1.3,0.8
749,36.17582702636719,16.363075256347656,3.6175827026367187,1.6363075256347657
750,27.84212303161621,8.952186584472656,2.7842123031616213,0.8952186584472657
751,8.0,12.0,0.8,1.2
752,25.02960205078125,5.546331882476807,2.502960205078125,0.5546331882476807
753,30.870695114135742,14.706501960754395,3.087069511413574,1.4706501960754395
754,11.0,6.0,1.1,0.6
755,48.772216796875,12.448042869567871,4.8772216796875,1.244804286956787
756,18.67848777770996,18.023101806640625,1.867848777770996,1.8023101806640625
757,28.876941680908203,14.339577674865723,2.88769416809082,1.4339577674865722
758,10.578535079956055,21.389564514160156,1.0578535079956055,2.1389564514160155
759,29.828641891479492,2.294510841369629,2.982864189147949,0.22945108413696289
760,8.43299388885498,4.706787109375,0.843299388885498,0.4706787109375
761,10.440306663513184,7.183697700500488,1.0440306663513184,0.7183697700500489
762,31.62418556213379,12.062833786010742,3.162418556213379,1.2062833786010743
763,19.677398681640625,32.64659118652344,1.9677398681640625,3.264659118652344
764,22.0,10.0,2.2,1.0
765,3.8805696964263916,15.764815330505371,0.38805696964263914,1.576481533050537
766,42.87137222290039,14.290456771850586,4.287137222290039,1.4290456771850586
767,8.0,15.0,0.8,1.5
768,11.178620338439941,10.59027099609375,1.1178620338439942,1.059027099609375
769,17.31364631652832,6.36823844909668,1.731364631652832,0.6368238449096679
770,9.838699340820312,4.4721360206604,0.9838699340820313,0.44721360206604005
771,40.730892181396484,24.409128189086914,4.073089218139648,2.4409128189086915
772,18.384775161743164,21.920310974121094,1.8384775161743163,2.1920310974121096
773,7.0,28.0,0.7,2.8
774,34.0,26.0,3.4,2.6
775,1.0,9.0,0.1,0.9
776,11.554967880249023,9.32275676727295,1.1554967880249023,0.9322756767272949
777,12.0,1.0,1.2,0.1
778,7.0,33.0,0.7,3.3
779,6.0,28.0,0.6,2.8
780,7.0,9.0,0.7,0.9
781,4.0,10.0,0.4,1.0
782,38.9075813293457,11.180339813232422,3.8907581329345704,1.1180339813232423
783,9.0,8.0,0.9,0.8
784,25.019994735717773,2.7577948570251465,2.5019994735717774,0.27577948570251465
785,22.686847686767578,9.154341697692871,2.2686847686767577,0.9154341697692872
786,9.370426177978516,1.2493901252746582,0.9370426177978516,0.12493901252746582
787,10.919219970703125,13.888481140136719,1.0919219970703125,1.388848114013672
788,14.422204971313477,4.714951992034912,1.4422204971313477,0.4714951992034912
789,45.348384857177734,36.638614654541016,4.534838485717773,3.6638614654541017
790,8.0,20.0,0.8,2.0
791,3.4358229637145996,10.463642120361328,0.34358229637146,1.0463642120361327
792,4.949747085571289,9.192387580871582,0.4949747085571289,0.9192387580871582
793,12.366456031799316,29.74155044555664,1.2366456031799316,2.974155044555664
794,3.0,10.0,0.3,1.0
795,30.85774040222168,11.627553939819336,3.085774040222168,1.1627553939819335
796,9.899494171142578,15.55634880065918,0.9899494171142578,1.5556348800659179
797,21.587032318115234,3.520632028579712,2.1587032318115233,0.3520632028579712
798,19.670124053955078,6.274090766906738,1.9670124053955078,0.6274090766906738
799,16.443843841552734,12.332883834838867,1.6443843841552734,1.2332883834838868
800,13.246000289916992,43.823455810546875,1.3246000289916993,4.382345581054688
801,30.302021026611328,85.93193054199219,3.030202102661133,8.593193054199219
802,8.854375839233398,15.495159149169922,0.8854375839233398,1.5495159149169921
803,8.356289863586426,17.45536231994629,0.8356289863586426,1.7455362319946288
804,14.782096862792969,8.138457298278809,1.4782096862792968,0.8138457298278808
805,8.497057914733887,6.260990142822266,0.8497057914733886,0.6260990142822266
806,15.17893123626709,5.692099571228027,1.517893123626709,0.5692099571228028
807,8.049844741821289,3.130495071411133,0.8049844741821289,0.3130495071411133
808,1.7888541221618652,13.416406631469727,0.17888541221618653,1.3416406631469726
809,19.053199768066406,80.2733154296875,1.9053199768066407,8.02733154296875
810,1.4485719203948975,11.045360565185547,0.14485719203948974,1.1045360565185547
811,30.271806716918945,67.67654418945312,3.0271806716918945,6.7676544189453125
812,19.957603454589844,3.362422466278076,1.9957603454589843,0.3362422466278076
813,12.499811172485352,34.889583587646484,1.2499811172485351,3.4889583587646484
814,7.155416965484619,10.733125686645508,0.7155416965484619,1.0733125686645508
815,2.0981991291046143,9.055386543273926,0.20981991291046143,0.9055386543273926
816,1.6629749536514282,18.02665138244629,0.16629749536514282,1.8026651382446288
817,6.260990142822266,12.521980285644531,0.6260990142822266,1.2521980285644532
818,2.161562919616699,25.17928695678711,0.2161562919616699,2.517928695678711
819,17.111984252929688,1.6970562934875488,1.7111984252929688,0.16970562934875488
820,8.928435325622559,4.258177280426025,0.8928435325622559,0.42581772804260254
821,11.826916694641113,31.87575340270996,1.1826916694641114,3.187575340270996
822,11.401752471923828,3.683643341064453,1.1401752471923827,0.3683643341064453
823,8.363933563232422,23.79840850830078,0.8363933563232422,2.379840850830078
824,2.9285614490509033,9.219545364379883,0.2928561449050903,0.9219545364379883
825,14.0,9.0,1.4,0.9
826,38.905311584472656,11.456250190734863,3.8905311584472657,1.1456250190734862
827,10.21948528289795,13.601471900939941,1.0219485282897949,1.360147190093994
828,2.482156276702881,22.561025619506836,0.2482156276702881,2.2561025619506836
829,17.000003814697266,24.200002670288086,1.7000003814697267,2.4200002670288088
830,9.192388534545898,21.920310974121094,0.9192388534545899,2.1920310974121096
831,12.519396781921387,1.200490117073059,1.2519396781921386,0.1200490117073059
832,19.802797317504883,43.044734954833984,1.9802797317504883,4.304473495483398
833,11.067971229553223,9.17060375213623,1.1067971229553222,0.917060375213623
834,24.913646697998047,5.065774440765381,2.491364669799805,0.506577444076538
835,32.526912689208984,10.606600761413574,3.2526912689208984,1.0606600761413574
836,38.991424560546875,8.573415756225586,3.8991424560546877,0.8573415756225586
837,17.75040626525879,15.254256248474121,1.775040626525879,1.525425624847412
838,3.0,8.0,0.3,0.8
839,5.0596442222595215,15.811387062072754,0.5059644222259522,1.5811387062072755
840,9.192387580871582,33.23401641845703,0.9192387580871582,3.3234016418457033
841,16.200000762939453,8.0,1.6200000762939453,0.8
842,3.7262067794799805,9.21745777130127,0.372620677947998,0.921745777130127
843,30.409793853759766,11.471662521362305,3.0409793853759766,1.1471662521362305
844,11.399173736572266,20.858062744140625,1.1399173736572266,2.0858062744140624
845,13.599797248840332,30.83241844177246,1.3599797248840333,3.083241844177246
846,4.0,8.0,0.4,0.8
847,45.0111083984375,9.197729110717773,4.50111083984375,0.9197729110717774
848,11.659976959228516,2.6499948501586914,1.1659976959228515,0.2649994850158691
849,2.8284270763397217,20.50609588623047,0.2828427076339722,2.050609588623047
850,7.375263214111328,11.398133277893066,0.7375263214111328,1.1398133277893066
851,5.613170623779297,15.085396766662598,0.5613170623779297,1.5085396766662598
852,37.45556640625,12.022029876708984,3.745556640625,1.2022029876708984
853,25.3679141998291,11.098462104797363,2.5367914199829102,1.1098462104797364
854,10.60660171508789,8.485280990600586,1.060660171508789,0.8485280990600585
855,10.816654205322266,3.60555100440979,1.0816654205322265,0.360555100440979
856,30.04859161376953,10.165970802307129,3.0048591613769533,1.016597080230713
857,17.0,12.0,1.7,1.2
858,14.56021785736084,4.258177280426025,1.456021785736084,0.42581772804260254
859,42.880126953125,3.6493728160858154,4.2880126953125,0.3649372816085815
860,5.375871658325195,9.17060375213623,0.5375871658325195,0.917060375213623
861,27.802875518798828,8.020751953125,2.7802875518798826,0.8020751953125
862,13.748513221740723,19.77727508544922,1.3748513221740724,1.977727508544922
863,18.379728317260742,11.989900588989258,1.8379728317260742,1.1989900588989257
864,12.521980285644531,16.099689483642578,1.2521980285644532,1.6099689483642579
865,10.046813011169434,1.6124515533447266,1.0046813011169433,0.16124515533447265
866,36.838314056396484,24.1867733001709,3.6838314056396486,2.41867733001709
867,14.0,33.0,1.4,3.3
868,10.0,4.0,1.0,0.4
869,13.70287036895752,42.0911865234375,1.370287036895752,4.20911865234375
870,10.95469856262207,16.027679443359375,1.095469856262207,1.6027679443359375
871,49.870391845703125,15.171674728393555,4.987039184570312,1.5171674728393554
872,9.486830711364746,6.008327484130859,0.9486830711364747,0.600832748413086
873,34.1760139465332,6.203180313110352,3.41760139465332,0.6203180313110351
874,11.811687469482422,20.670452117919922,1.1811687469482421,2.067045211791992
875,27.459060668945312,12.746248245239258,2.7459060668945314,1.2746248245239258
876,19.711193084716797,9.855595588684082,1.9711193084716796,0.9855595588684082
877,24.17545509338379,71.01539611816406,2.417545509338379,7.101539611816406
878,29.1539249420166,27.497453689575195,2.9153924942016602,2.7497453689575195
879,19.182241439819336,59.98563766479492,1.9182241439819336,5.998563766479492
880,12.0,14.0,1.2,1.4
881,8.649974822998047,23.444414138793945,0.8649974822998047,2.3444414138793945
882,29.272197723388672,22.326250076293945,2.927219772338867,2.2326250076293945
883,11.384200096130371,30.674089431762695,1.138420009613037,3.0674089431762694
884,17.35443687438965,50.110939025878906,1.735443687438965,5.0110939025878904
885,3.348937749862671,8.062257766723633,0.3348937749862671,0.8062257766723633
886,47.600006103515625,23.200000762939453,4.760000610351563,2.3200000762939452
887,19.516149520874023,8.626703262329102,1.9516149520874024,0.8626703262329102
888,5.0,15.0,0.5,1.5
889,9.899494171142578,7.77817440032959,0.9899494171142578,0.7778174400329589
890,9.0,10.0,0.9,1.0
891,12.074766159057617,21.0190372467041,1.2074766159057617,2.10190372467041
892,10.198039054870605,11.178619384765625,1.0198039054870605,1.1178619384765625
893,12.020814895629883,7.071067810058594,1.2020814895629883,0.7071067810058593
894,12.74754810333252,33.73197555541992,1.274754810333252,3.373197555541992
895,5.589565753936768,10.357135772705078,0.5589565753936767,1.0357135772705077
896,36.76955032348633,48.790367126464844,3.6769550323486326,4.879036712646484
897,6.0,19.0,0.6,1.9
898,9.072680473327637,37.97522735595703,0.9072680473327637,3.7975227355957033
899,24.749858856201172,52.44145965576172,2.474985885620117,5.2441459655761715
900,13.86362075805664,18.782970428466797,1.386362075805664,1.8782970428466796
901,3.9394588470458984,13.453624725341797,0.39394588470458985,1.3453624725341797
902,14.200778007507324,1.9930917024612427,1.4200778007507324,0.19930917024612427
903,14.758047103881836,41.59086227416992,1.4758047103881835,4.159086227416992
904,15.254255294799805,50.47771453857422,1.5254255294799806,5.047771453857422
905,16.785593032836914,9.276249885559082,1.6785593032836914,0.9276249885559082
906,19.64255714416504,20.05463981628418,1.9642557144165038,2.005463981628418
907,21.766035079956055,9.18642520904541,2.1766035079956056,0.918642520904541
908,10.53930377960205,1.6641007661819458,1.0539303779602052,0.16641007661819457
909,7.610151290893555,32.06243896484375,0.7610151290893554,3.206243896484375
910,3.52144193649292,19.02629852294922,0.352144193649292,1.9026298522949219
911,9.098214149475098,20.817110061645508,0.9098214149475098,2.081711006164551
912,26.11100959777832,22.904394149780273,2.611100959777832,2.290439414978027
913,23.536956787109375,9.65340518951416,2.3536956787109373,0.965340518951416
914,12.649110794067383,20.87103271484375,1.2649110794067382,2.087103271484375
915,34.30510711669922,20.640169143676758,3.430510711669922,2.064016914367676
916,3.288433313369751,20.14165496826172,0.3288433313369751,2.014165496826172
917,9.192388534545898,9.192387580871582,0.9192388534545899,0.9192387580871582
918,31.89873695373535,14.234380722045898,3.189873695373535,1.4234380722045898
919,15.205260276794434,1.7888542413711548,1.5205260276794434,0.17888542413711547
920,24.515300750732422,1.468470573425293,2.4515300750732423,0.14684705734252929
921,14.0,13.0,1.4,1.3
922,5.0,9.0,0.5,0.9
923,9.979290962219238,5.908790111541748,0.9979290962219238,0.5908790111541748
924,10.359160423278809,19.103904724121094,1.0359160423278808,1.9103904724121095
925,5.557923316955566,19.331907272338867,0.5557923316955566,1.9331907272338866
926,8.141523361206055,11.015003204345703,0.8141523361206054,1.1015003204345704
927,5.097866058349609,14.859737396240234,0.5097866058349609,1.4859737396240233
928,32.10333251953125,48.01953887939453,3.210333251953125,4.801953887939453
929,10.4580659866333,7.310492992401123,1.04580659866333,0.7310492992401123
930,34.34793472290039,12.522022247314453,3.434793472290039,1.2522022247314453
931,61.366153717041016,27.64105987548828,6.136615371704101,2.7641059875488283
932,2.871849775314331,43.319087982177734,0.2871849775314331,4.331908798217773
933,16.552799224853516,11.105042457580566,1.6552799224853516,1.1105042457580567
934,9.192388534545898,5.656853675842285,0.9192388534545899,0.5656853675842285
935,6.411561012268066,11.014732360839844,0.6411561012268067,1.1014732360839843
936,8.59785270690918,18.027755737304688,0.8597852706909179,1.8027755737304687
937,8.246211051940918,9.216353416442871,0.8246211051940918,0.9216353416442871
938,59.3673210144043,28.46569061279297,5.9367321014404295,2.846569061279297
939,93.6368637084961,22.06667709350586,9.36368637084961,2.2066677093505858
940,6.0,12.0,0.6,1.2
941,9.429903030395508,15.531606674194336,0.9429903030395508,1.5531606674194336
942,32.70323181152344,15.186243057250977,3.2703231811523437,1.5186243057250977
943,20.27577781677246,7.020698547363281,2.027577781677246,0.7020698547363281
944,5.0,8.0,0.5,0.8
945,16.64331817626953,10.214309692382812,1.664331817626953,1.0214309692382812
946,12.649109840393066,2.8460497856140137,1.2649109840393067,0.2846049785614014
947,10.0,9.0,1.0,0.9
948,11.70469856262207,2.3922014236450195,1.1704698562622071,0.23922014236450195
949,16.994115829467773,4.0249223709106445,1.6994115829467773,0.40249223709106446
950,12.0,7.0,1.2,0.7
951,6.411561012268066,8.055550575256348,0.6411561012268067,0.8055550575256347
952,15.811176300048828,14.008867263793945,1.5811176300048828,1.4008867263793945
953,5.0,9.0,0.5,0.9
954,22.80279541015625,34.53510284423828,2.280279541015625,3.453510284423828
955,8.497057914733887,0.8944270610809326,0.8497057914733886,0.08944270610809327
956,6.640783309936523,14.546477317810059,0.6640783309936523,1.4546477317810058
957,10.0,8.0,1.0,0.8
958,27.848878860473633,11.886252403259277,2.7848878860473634,1.1886252403259276
959,38.913330078125,12.420674324035645,3.8913330078125,1.2420674324035645
960,3.807887077331543,8.403613090515137,0.3807887077331543,0.8403613090515136
961,11.0,10.0,1.1,1.0
962,6.400001049041748,36.20000457763672,0.6400001049041748,3.620000457763672
963,13.13598346710205,11.973505973815918,1.313598346710205,1.1973505973815919
964,21.0190372467041,9.391485214233398,2.10190372467041,0.9391485214233398
965,8.597853660583496,4.160251617431641,0.8597853660583497,0.41602516174316406
966,4.521596431732178,17.675329208374023,0.4521596431732178,1.7675329208374024
967,29.974525451660156,87.34845733642578,2.9974525451660154,8.734845733642578
968,5.0,9.0,0.5,0.9
969,4.0,12.0,0.4,1.2
970,14.37166690826416,37.67707443237305,1.437166690826416,3.7677074432373048
971,13.153733253479004,31.298839569091797,1.3153733253479003,3.12988395690918
972,2.642491102218628,17.029388427734375,0.2642491102218628,1.7029388427734375
973,19.0,8.0,1.9,0.8
974,9.0,6.0,0.9,0.6
975,20.447132110595703,25.986774444580078,2.0447132110595705,2.5986774444580076
976,9.054534912109375,4.589284420013428,0.9054534912109375,0.45892844200134275
977,11.0,3.0,1.1,0.3
978,40.696434020996094,16.994115829467773,4.06964340209961,1.6994115829467773
979,12.0,8.0,1.2,0.8
980,8.485280990600586,3.5355336666107178,0.8485280990600585,0.3535533666610718
981,5.4912519454956055,22.35723876953125,0.5491251945495605,2.235723876953125
982,10.0,5.0,1.0,0.5
983,10.650744438171387,13.693815231323242,1.0650744438171387,1.3693815231323243
984,24.695798873901367,5.830952167510986,2.469579887390137,0.5830952167510987
985,20.0,12.0,2.0,1.2
986,11.014732360839844,4.93196964263916,1.1014732360839843,0.493196964263916
987,5.7486572265625,9.219544410705566,0.57486572265625,0.9219544410705567
988,14.57737922668457,30.52674674987793,1.457737922668457,3.052674674987793
989,4.737365245819092,10.627062797546387,0.4737365245819092,1.0627062797546387
990,5.093247413635254,8.731282234191895,0.5093247413635253,0.8731282234191895
991,19.234682083129883,7.726752281188965,1.9234682083129884,0.7726752281188964
992,6.742362976074219,12.322250366210938,0.6742362976074219,1.2322250366210938
993,35.819664001464844,25.24001693725586,3.5819664001464844,2.524001693725586
994,10.859907150268555,48.88461685180664,1.0859907150268555,4.888461685180664
995,44.04914855957031,14.897258758544922,4.404914855957031,1.4897258758544922
996,10.261953353881836,10.261954307556152,1.0261953353881836,1.0261954307556151
997,14.422204971313477,19.414506912231445,1.4422204971313477,1.9414506912231446
998,41.80000305175781,15.40000057220459,4.180000305175781,1.540000057220459
999,11.230770111083984,22.15384864807129,1.1230770111083985,2.215384864807129
1000,13.435029029846191,23.33452033996582,1.343502902984619,2.333452033996582
1001,16.720897674560547,65.74919128417969,1.6720897674560546,6.574919128417969
1002,14.085391998291016,90.25416564941406,1.4085391998291015,9.025416564941406
1003,6.599750518798828,16.956281661987305,0.6599750518798828,1.6956281661987305
1004,14.699555397033691,40.77046585083008,1.4699555397033692,4.077046585083008
1005,10.0,5.0,1.0,0.5
1006,49.68890380859375,14.504846572875977,4.968890380859375,1.4504846572875976
1007,16.345903396606445,5.357061386108398,1.6345903396606445,0.5357061386108398
1008,23.307695388793945,9.2307710647583,2.3307695388793945,0.9230771064758301
1009,6.560593128204346,13.204231262207031,0.6560593128204346,1.3204231262207031
1010,9.0,7.0,0.9,0.7
1011,19.887920379638672,14.55213737487793,1.9887920379638673,1.455213737487793
1012,12.0,25.0,1.2,2.5
1013,10.040916442871094,10.60660171508789,1.0040916442871093,1.060660171508789
1014,24.0,20.0,2.4,2.0
1015,38.553070068359375,12.997472763061523,3.8553070068359374,1.2997472763061524
1016,6.145771026611328,9.98687744140625,0.6145771026611329,0.998687744140625
1017,2.4542880058288574,15.032514572143555,0.24542880058288574,1.5032514572143554
1018,8.944271087646484,5.366563320159912,0.8944271087646485,0.5366563320159912
1019,18.384777069091797,11.31370735168457,1.8384777069091798,1.131370735168457
1020,12.162237167358398,5.374011993408203,1.2162237167358398,0.5374011993408203
1021,1.4044939279556274,8.5440034866333,0.14044939279556273,0.85440034866333
1022,7.155416965484619,8.497057914733887,0.7155416965484619,0.8497057914733886
1023,12.627283096313477,11.884501457214355,1.2627283096313477,1.1884501457214356
1024,1.610626459121704,19.17412567138672,0.1610626459121704,1.917412567138672
1025,6.017733573913574,18.309276580810547,0.6017733573913574,1.8309276580810547
1026,2.9239211082458496,32.97739028930664,0.29239211082458494,3.297739028930664
1027,10.967598915100098,21.6284122467041,1.0967598915100099,2.16284122467041
1028,9.476482391357422,22.764156341552734,0.9476482391357421,2.2764156341552733
1029,2.0306923389434814,11.270342826843262,0.20306923389434814,1.1270342826843263
1030,12.521980285644531,7.602630138397217,1.2521980285644532,0.7602630138397217
1031,51.16943359375,65.59902954101562,5.116943359375,6.559902954101562
1032,40.562164306640625,14.866066932678223,4.056216430664063,1.4866066932678224
1033,8.485280990600586,7.77817440032959,0.8485280990600585,0.7778174400329589
1034,12.768942832946777,50.5604248046875,1.2768942832946777,5.05604248046875
1035,18.818395614624023,11.813007354736328,1.8818395614624024,1.181300735473633
1036,9.429903030395508,3.882901668548584,0.9429903030395508,0.3882901668548584
1037,1.7354438304901123,10.954989433288574,0.17354438304901124,1.0954989433288573
1038,8.366133689880371,29.533893585205078,0.8366133689880371,2.953389358520508
1039,11.627553939819336,53.665626525878906,1.1627553939819335,5.3665626525878904
1040,8.241632461547852,47.581695556640625,0.8241632461547852,4.758169555664063
1041,19.134748458862305,52.28681182861328,1.9134748458862305,5.228681182861328
1042,13.152946472167969,1.5205720663070679,1.3152946472167968,0.1520572066307068
1043,9.391485214233398,4.472135543823242,0.9391485214233398,0.44721355438232424
1044,5.81377649307251,10.28591251373291,0.581377649307251,1.028591251373291
1045,10.001923561096191,16.86598777770996,1.000192356109619,1.686598777770996
1046,5.752237796783447,35.970664978027344,0.5752237796783447,3.5970664978027345
1047,30.149629592895508,13.831016540527344,3.0149629592895506,1.3831016540527343
1048,39.84798049926758,15.354753494262695,3.984798049926758,1.5354753494262696
1049,22.360679626464844,8.049844741821289,2.2360679626464846,0.8049844741821289
1050,14.144856452941895,34.39141082763672,1.4144856452941894,3.4391410827636717
1051,4.427187919616699,8.538147926330566,0.4427187919616699,0.8538147926330566
1052,21.0786075592041,37.71961212158203,2.1078607559204103,3.771961212158203
1053,21.140338897705078,5.646177768707275,2.114033889770508,0.5646177768707276
1054,24.73863410949707,1.2126779556274414,2.473863410949707,0.12126779556274414
1055,12.200996398925781,30.782726287841797,1.220099639892578,3.0782726287841795
1056,1.0,13.0,0.1,1.3
1057,59.43307876586914,18.505971908569336,5.943307876586914,1.8505971908569336
1058,11.62755298614502,35.32987594604492,1.162755298614502,3.532987594604492
1059,18.60107421875,4.4621076583862305,1.860107421875,0.44621076583862307
1060,14.065289497375488,35.809471130371094,1.4065289497375488,3.5809471130371096
1061,3.072683095932007,14.117732048034668,0.3072683095932007,1.4117732048034668
1062,0.6868027448654175,11.400925636291504,0.06868027448654175,1.1400925636291503
1063,18.384777069091797,4.242641448974609,1.8384777069091798,0.42426414489746095
1064,16.898277282714844,3.899601936340332,1.6898277282714844,0.3899601936340332
1065,16.76007080078125,6.957010269165039,1.676007080078125,0.6957010269165039
1066,44.63736343383789,22.39537811279297,4.463736343383789,2.239537811279297
1067,73.88134002685547,14.948556900024414,7.388134002685547,1.4948556900024415
1068,14.120361328125,8.43299388885498,1.4120361328125,0.843299388885498
1069,43.016883850097656,16.600208282470703,4.301688385009766,1.6600208282470703
1070,71.51490783691406,11.661903381347656,7.151490783691406,1.1661903381347656
1071,22.283864974975586,10.443483352661133,2.2283864974975587,1.0443483352661134
1072,22.74271011352539,8.59785270690918,2.274271011352539,0.8597852706909179
1073,29.79513931274414,82.55889129638672,2.979513931274414,8.255889129638671
1074,6.867262363433838,41.297645568847656,0.6867262363433838,4.129764556884766
1075,5.297017574310303,24.263757705688477,0.5297017574310303,2.4263757705688476
1076,3.4785051345825195,12.649109840393066,0.34785051345825196,1.2649109840393067
1077,7.3989129066467285,13.472647666931152,0.7398912906646729,1.3472647666931152
1078,7.431695461273193,14.67524528503418,0.7431695461273193,1.467524528503418
1079,16.124515533447266,10.418915748596191,1.6124515533447266,1.0418915748596191
1080,18.538461685180664,8.153847694396973,1.8538461685180665,0.8153847694396973
1081,10.0,12.0,1.0,1.2
1082,2.728090763092041,10.630146026611328,0.2728090763092041,1.063014602661133
1083,28.32643699645996,52.172149658203125,2.8326436996459963,5.217214965820313
1084,15.86731243133545,36.17108154296875,1.586731243133545,3.617108154296875
1085,12.020814895629883,6.363960266113281,1.2020814895629883,0.6363960266113281
1086,3.8676164150238037,18.357559204101562,0.38676164150238035,1.8357559204101563
1087,15.0,19.0,1.5,1.9
1088,28.0,13.0,2.8,1.3
1089,13.281566619873047,1.5811389684677124,1.3281566619873046,0.15811389684677124
1090,7.905694484710693,31.622774124145508,0.7905694484710694,3.162277412414551
1091,26.042831420898438,84.0506820678711,2.6042831420898436,8.40506820678711
1092,1.7888542413711548,10.733126640319824,0.17888542413711547,1.0733126640319823
1093,1.8083888292312622,12.165525436401367,0.18083888292312622,1.2165525436401368
1094,23.0,22.0,2.3,2.2
1095,6.996877670288086,22.46099281311035,0.6996877670288086,2.246099281311035
1096,22.807889938354492,25.043960571289062,2.2807889938354493,2.5043960571289063
1097,38.208065032958984,17.113040924072266,3.8208065032958984,1.7113040924072265
1098,15.472251892089844,55.727901458740234,1.5472251892089843,5.572790145874023
1099,69.83552551269531,22.782102584838867,6.983552551269531,2.278210258483887
1100,22.0,15.0,2.2,1.5
1101,12.727107048034668,32.79510498046875,1.2727107048034667,3.279510498046875
1102,14.011404991149902,40.66579818725586,1.4011404991149903,4.066579818725586
1103,103.13447570800781,25.079397201538086,10.313447570800781,2.5079397201538085
1104,25.090694427490234,9.68648624420166,2.5090694427490234,0.968648624420166
1105,67.48583984375,126.7806625366211,6.748583984375,12.67806625366211
1106,17.923078536987305,63.07693099975586,1.7923078536987305,6.307693099975586
1107,12.041595458984375,3.072683095932007,1.2041595458984375,0.3072683095932007
1108,15.55634880065918,9.899494171142578,1.5556348800659179,0.9899494171142578
1109,4.264453887939453,16.956281661987305,0.42644538879394533,1.6956281661987305
1110,37.14249038696289,14.108386039733887,3.714249038696289,1.4108386039733887
1111,9.995121002197266,4.841386795043945,0.9995121002197266,0.48413867950439454
1112,12.0,15.0,1.2,1.5
1113,33.15818405151367,21.24770736694336,3.3158184051513673,2.124770736694336
1114,29.629539489746094,70.55343627929688,2.9629539489746093,7.0553436279296875
1115,21.931556701660156,38.15262985229492,2.1931556701660155,3.8152629852294924
1116,8.48874568939209,13.339459419250488,0.848874568939209,1.3339459419250488
1117,12.70595932006836,25.41191864013672,1.2705959320068358,2.5411918640136717
1118,43.69446563720703,17.66750144958496,4.369446563720703,1.7667501449584961
1119,12.649109840393066,6.324554920196533,1.2649109840393067,0.6324554920196533
1120,12.727920532226562,60.10407257080078,1.2727920532226562,6.010407257080078
1121,13.601471900939941,1.8380368947982788,1.360147190093994,0.1838036894798279
1122,6.467741966247559,10.049875259399414,0.6467741966247559,1.0049875259399415
1123,8.573610305786133,43.8306999206543,0.8573610305786132,4.38306999206543
1124,15.944390296936035,11.171918869018555,1.5944390296936035,1.1171918869018556
1125,25.722206115722656,47.11363220214844,2.5722206115722654,4.711363220214844
1126,4.242640495300293,11.31370735168457,0.4242640495300293,1.131370735168457
1127,37.894920349121094,76.9461441040039,3.7894920349121093,7.694614410400391
1128,6.940025329589844,43.982051849365234,0.6940025329589844,4.398205184936524
1129,14.310836791992188,3.130495309829712,1.4310836791992188,0.31304953098297117
1130,24.59674644470215,11.180339813232422,2.4596746444702147,1.1180339813232423
1131,22.62741470336914,9.899494171142578,2.262741470336914,0.9899494171142578
1132,4.34121561050415,10.294882774353027,0.43412156105041505,1.0294882774353027
1133,13.339459419250488,7.518604278564453,1.3339459419250488,0.7518604278564454
1134,8.049844741821289,5.366562843322754,0.8049844741821289,0.5366562843322754
1135,10.442001342773438,22.201013565063477,1.0442001342773437,2.2201013565063477
1136,16.970561981201172,40.305084228515625,1.697056198120117,4.030508422851563
1137,19.718053817749023,56.886783599853516,1.9718053817749024,5.688678359985351
1138,38.00959014892578,20.49026107788086,3.800959014892578,2.049026107788086
1139,20.873977661132812,1.6664100885391235,2.0873977661132814,0.16664100885391236
1140,21.0,16.0,2.1,1.6
1141,3.550109624862671,20.38450050354004,0.35501096248626707,2.0384500503540037
1142,21.97587776184082,16.785593032836914,2.197587776184082,1.6785593032836914
1143,4.68656587600708,21.329885482788086,0.468656587600708,2.1329885482788087
1144,18.202098846435547,52.40410614013672,1.8202098846435546,5.240410614013672
1145,10.666986465454102,32.74516677856445,1.0666986465454102,3.2745166778564454
1146,12.074766159057617,7.155416965484619,1.2074766159057617,0.7155416965484619
1147,10.028338432312012,19.070281982421875,1.0028338432312012,1.9070281982421875
